vehicle,vclass,x_metres,y_metres,width_metres,height_metres,bb_x_metres,bb_y_metres,bb_x_homographed,bb_y_homographed,bb_x_homographed_normalised,bb_y_homographed_normalised,width_normalised,height_normalised,bb_x_normalised,bb_y_normalised,lon,lat,angle,color
0#0.10,0,492.26028992964467,521.6874754479251,1.8,1.5,493.16028992964465,522.4374754479251,682.3967250322812,-4549.290937665634,0.05303876302131829,-0.7849018180927596,0.00013990362194932378,0.00025879917184265007,0.038330505979297734,0.09013759065699191,92.87979399497848,56.038290694664944,264.6243602029032,"(255, 255, 0, 255)"
0#0.11,0,507.1996095839705,526.1288101767159,1.8,1.5,508.0996095839705,526.8788101767159,719.9952429696178,-6050.223248616689,0.05596107904318497,-1.0438618441367646,0.00013990362194932378,0.00025879917184265007,0.03949165316213046,0.09090386649011661,92.88003364350645,56.03833083281117,267.20451095203543,"(255, 255, 0, 255)"
0#0.12,0,515.4493258912004,526.5316375577942,1.8,1.5,516.3493258912004,527.2816375577942,801.2719099375346,-8300.101047032898,0.06227824575917414,-1.4320395181216181,0.00013990362194932378,0.00025879917184265007,0.04013285604626149,0.09097336741852902,92.88016603829878,56.038334580814904,267.2045109520354,"(255, 255, 0, 255)"
0#0.13,0,533.627074576774,527.4192432189116,1.8,1.5,534.527074576774,528.1692432189116,1880.472470446025,-38174.22693958257,0.14615828310632867,-6.586305545131568,0.00013990362194932378,0.00025879917184265007,0.041545707646259436,0.09112650849187569,92.88045776227153,56.03834283881213,267.20451095203543,"(255, 255, 0, 255)"
0#0.14,0,523.037865445949,526.9021801802562,1.8,1.5,523.937865445949,527.6521801802562,950.7548092855309,-12438.044555699425,0.07389668966932464,-2.145970420237996,0.00013990362194932378,0.00025879917184265007,0.04072266947349207,0.09103729816774606,92.88028782228132,56.038338028307976,267.2045109520354,"(255, 255, 0, 255)"
0#0.15,0,534.6458308250996,530.6768009911742,1.8,1.5,535.5458308250995,531.4268009911742,1229.1256159298148,-21910.74547684174,0.09553284749959698,-3.780321855907822,0.00013990362194932378,0.00025879917184265007,0.04162488969571736,0.09168854399433647,92.88047402261205,56.03837212338005,267.2045109520354,"(255, 255, 0, 255)"
0#0.5,0,484.95746149461763,166.71118565558425,1.8,1.5,485.8574614946176,167.46118565558425,361.30895452398926,249.10760486195713,0.028082461878127563,0.04297922789198708,0.00013990362194932378,0.00025879917184265007,0.03776289923011174,0.028892544108968986,92.87968670891682,56.035101164274074,177.26296499880894,"(255, 255, 0, 255)"
0#0.6,0,486.2528206112381,206.4871093239258,1.8,1.5,487.1528206112381,207.2371093239258,358.1080492374865,299.1142963202574,0.02783367396529508,0.051607021449319765,0.00013990362194932378,0.00025879917184265007,0.037863580025745226,0.035755194845397825,92.87970638584301,56.03545856616651,177.27453876404334,"(255, 255, 0, 255)"
0#0.7,0,483.4555145764522,198.04852323095037,1.8,1.5,484.35551457645215,198.79852323095037,358.11656880392707,287.26101808289985,0.02783433614207423,0.049561942388354006,0.00013990362194932378,0.00025879917184265007,0.03764616155576341,0.03429926211714119,92.87966172898187,56.03538270277038,177.26561636548834,"(255, 255, 0, 255)"
0#0.8,0,486.7797728511045,128.41450336462606,1.8,1.5,487.6797728511045,129.16450336462606,364.434084706157,211.72004972923955,0.0283253602289878,0.03652864902160793,0.00013990362194932378,0.00025879917184265007,0.03790453698516279,0.022285111001488275,92.87971702425291,56.0347571019377,177.27568952212874,"(255, 255, 0, 255)"
0#0.9,0,479.7624092914744,516.0054949705768,1.8,1.5,480.6624092914744,516.7554949705768,680.2455181559218,-3972.288760545213,0.052871562113782196,-0.6853500276993121,0.00013990362194932378,0.00025879917184265007,0.037359117774869756,0.08915726276234935,92.8795935660955,56.038239447254846,225.79261022188658,"(255, 255, 0, 255)"
1#0.0,0,481.10247857985405,473.83182539695224,1.8,1.5,482.002478579854,474.58182539695224,-238.42451150560376,8247.192717975224,-0.018531362622851218,1.4229110969591483,0.00013990362194932378,0.00025879917184265007,0.03746327363437385,0.08188092225620293,92.87961625341077,56.03786054334478,358.5187707492494,"(255, 255, 0, 255)"
1#0.1,0,481.30811865594444,465.87918507338543,1.8,1.5,482.2081186559444,466.62918507338543,-5.154133443647782,5141.927510576812,-0.00040060107598692535,0.8871510542748122,0.00013990362194932378,0.00025879917184265007,0.037479256851853285,0.08050883110306857,92.87961977626622,56.03778909313076,358.5187707492494,"(255, 255, 0, 255)"
1#0.10,0,484.5739494204061,376.1637445203553,1.8,1.5,485.4739494204061,376.9137445203553,313.8252599518716,905.2667104437313,0.024391828070252728,0.15618818330637185,0.00013990362194932378,0.00025879917184265007,0.03773309104775424,0.06502997662532009,92.87967469936129,56.03698306268746,357.27038537722024,"(255, 255, 0, 255)"
1#0.11,0,485.9876551946446,346.500115319704,1.8,1.5,486.8876551946446,347.250115319704,329.9904792158322,693.1938558157177,0.02564825736171554,0.11959866387434742,0.00013990362194932378,0.00025879917184265007,0.037842970246746814,0.05991202817800275,92.87969821728402,56.03671656093553,357.2713084269227,"(255, 255, 0, 255)"
1#0.12,0,486.344748088353,339.00771671501496,1.8,1.5,487.244748088353,339.75771671501496,333.04324718284255,653.1444939969709,0.025885531414801998,0.1126888360933352,0.00013990362194932378,0.00025879917184265007,0.0378707250185258,0.058619343808663724,92.87970415769448,56.03664924828788,357.2713084269234,"(255, 255, 0, 255)"
1#0.13,0,486.70184168358725,331.51530339115527,1.8,1.5,487.6018416835872,332.26530339115527,335.8004089910616,616.973198948187,0.02609982970550766,0.10644810195793426,0.00013990362194932378,0.00025879917184265007,0.03789847984483034,0.057326656899785236,92.87971009809576,56.03658193550694,357.2713084269234,"(255, 255, 0, 255)"
1#0.14,0,487.41609798823316,316.53044660807774,1.8,1.5,488.31609798823314,317.28044660807774,340.5845308438749,554.2105814502179,0.026471671913871824,0.09561949300383331,0.00013990362194932378,0.00025879917184265007,0.03795399486928596,0.05474127788269112,92.87972197994584,56.03644730967228,357.27083076249835,"(255, 255, 0, 255)"
1#0.15,0,487.7732534999596,309.0380477233143,1.8,1.5,488.67325349995957,309.7880477233143,342.6732150347531,526.8094303833992,0.026634013293545245,0.09089189620141463,0.00013990362194932378,0.00025879917184265007,0.03798175450800245,0.05344859346503007,92.87972792127789,56.036379997018955,357.27083076249835,"(255, 255, 0, 255)"
1#0.16,0,488.4875645495637,294.05324940518886,1.8,1.5,489.38756454956365,294.80324940518886,346.3620751898866,478.4157982504879,0.026920727124971754,0.08254240825577776,0.00013990362194932378,0.00025879917184265007,0.038037273787468025,0.050863224535056734,92.87973980387989,56.036245371704254,357.2708307624983,"(255, 255, 0, 255)"
1#0.17,0,488.84471901231956,286.5608725257014,1.8,1.5,489.74471901231954,287.3108725257014,347.99890217913986,456.94249759610796,0.027047948249583387,0.07883755997172323,0.00013990362194932378,0.00025879917184265007,0.03806503334465409,0.04957054391402716,92.87974574513193,56.03617805924551,357.2708307624983,"(255, 255, 0, 255)"
1#0.18,0,489.5587624434438,271.5759886876804,1.8,1.5,490.4587624434438,272.3259886876804,350.92972385020806,418.4920934499132,0.027275744120177834,0.07220360480502298,0.00013990362194932378,0.00025879917184265007,0.0381205318236782,0.046985160229068394,92.87975762331627,56.03604343315204,357.27368900609383,"(255, 255, 0, 255)"
1#0.19,0,489.91554505618547,264.08355382010524,1.8,1.5,490.81554505618544,264.83355382010524,352.2467887250547,401.21192596498355,0.02737811197925188,0.06922220944875493,0.00013990362194932378,0.00025879917184265007,0.03814826247910659,0.04569246960319276,92.87976355853968,56.03597612016337,357.27368900609383,"(255, 255, 0, 255)"
1#0.2,0,481.5020219955294,458.38043508955724,1.8,1.5,482.40202199552937,459.13043508955724,97.10459600404147,3780.6724839212866,0.007547380382717353,0.6522899385647493,0.00013990362194932378,0.00025879917184265007,0.03749432784047329,0.07921505091262201,92.87962309804556,56.037721720877514,358.51877074925005,"(255, 255, 0, 255)"
1#0.20,0,490.27233160865825,256.59103621817684,1.8,1.5,491.1723316086582,257.34103621817684,353.4779374899932,385.0589958676884,0.027473802074459288,0.06643529949408011,0.00013990362194932378,0.00025879917184265007,0.03817599344074756,0.044399764702929057,92.87976949380779,56.03590880643038,357.27368900609383,"(255, 255, 0, 255)"
1#0.21,0,490.9871647069081,241.60606445372494,1.8,1.5,491.8871647069081,242.35606445372494,355.7144496814808,355.72108052257937,0.027647633272305364,0.06137354736414413,0.00013990362194932378,0.00025879917184265007,0.03823155329604447,0.041814365847778624,92.87978138450106,56.03577417955097,357.2656163654888,"(255, 255, 0, 255)"
1#0.22,0,491.3452148874037,234.1092425372697,1.8,1.5,492.2452148874037,234.8592425372697,356.7337323758283,342.3522607536226,0.027726856239377293,0.05906698770766435,0.00013990362194932378,0.00025879917184265007,0.038259382472206095,0.04052091831215833,92.8797873401064,56.03570682716089,357.2656163654882,"(255, 255, 0, 255)"
1#0.23,0,492.0629171261325,219.082058734866,1.8,1.5,492.9629171261325,219.832058734866,358.6046068406743,317.8140402289576,0.02787226852484644,0.054833340274147276,0.00013990362194932378,0.00025879917184265007,0.03831516532925015,0.037928236496698756,92.87979927789893,56.03557182105036,357.2656163654882,"(255, 255, 0, 255)"
1#0.24,0,492.4254552946971,211.49126773488808,1.8,1.5,493.32545529469706,212.24126773488808,359.4718585044499,306.43924572725416,0.027939674996459656,0.05287081534286648,0.00013990362194932378,0.00025879917184265007,0.03834334333084852,0.0366185762137488,92.8798053080912,56.035503624427086,357.2656163654882,"(255, 255, 0, 255)"
1#0.25,0,493.20390735214795,195.1921097868895,1.8,1.5,494.1039073521479,195.9421097868895,361.1811958503984,284.01973146584163,0.028072531933032673,0.04900271419355445,0.00013990362194932378,0.00025879917184265007,0.03840384792104367,0.03380643716129908,92.87981825621573,56.03535719073373,357.2656163654888,"(255, 255, 0, 255)"
1#0.26,0,493.9317751026766,179.9167343769869,1.8,1.5,494.8317751026766,180.6667343769869,362.6176028534967,265.1739777579095,0.02818417556765869,0.04575120389197886,0.00013990362194932378,0.00025879917184265007,0.03846042088470983,0.03117093415752017,92.87983036386028,56.03521995480114,357.2803204620263,"(255, 255, 0, 255)"
1#0.27,0,495.3902958522537,149.28859220109013,1.8,1.5,496.2902958522537,150.03859220109013,365.1051563302984,232.53421190036823,0.028377518757212686,0.0401197743099324,0.00013990362194932378,0.00025879917184265007,0.03857378329335097,0.025886575604052817,92.87985462574825,56.034944787615075,357.27043818172734,"(255, 255, 0, 255)"
1#0.28,0,497.7446934157142,99.90521671779413,1.8,1.5,498.6446934157142,100.65521671779413,368.2859320020086,190.8062224293177,0.028624742111146323,0.03292032823142128,0.00013990362194932378,0.00025879917184265007,0.03875677704148252,0.017366324485471724,92.87989378783169,56.03450112099659,357.27043818172797,"(255, 255, 0, 255)"
1#0.29,0,498.7222076625944,79.40190247590877,1.8,1.5,499.6222076625944,80.15190247590877,369.3797039732022,176.45723651886166,0.028709754700233344,0.030444657784482687,0.00013990362194932378,0.00025879917184265007,0.03883275358795231,0.013828830654918698,92.87991004713672,56.03431691656219,357.27043818172734,"(255, 255, 0, 255)"
1#0.3,0,481.696641741331,450.85397980102687,1.8,1.5,482.596641741331,451.60397980102687,157.37755331773673,2978.3266445214804,0.012232049845930104,0.5138589793860388,0.00013990362194932378,0.00025879917184265007,0.03750945451121801,0.07791649064890041,92.8796264320859,56.03765409970607,358.51877074925005,"(255, 255, 0, 255)"
1#0.30,0,499.34713276027185,66.29412865449025,1.8,1.5,500.2471327602718,67.04412865449025,370.02298997908053,168.01809008080647,0.02875975361255095,0.028988628378331,0.00013990362194932378,0.00025879917184265007,0.038881325412736804,0.011567309981796108,92.8799204416326,56.03419915461806,357.27043818172797,"(255, 255, 0, 255)"
1#0.4,0,481.89111729100415,443.3331009544396,1.8,1.5,482.7911172910041,444.0831009544396,196.9726979891736,2451.2411819280996,0.015309552152119819,0.42291945857972735,0.00013990362194932378,0.00025879917184265007,0.037524569974429045,0.07661889250421662,92.8796297636442,56.037586528635146,358.5187707492494,"(255, 255, 0, 255)"
1#0.5,0,482.08600829606894,435.7961553597614,1.8,1.5,482.9860082960689,436.5461553597614,225.04170055458144,2077.5902374880447,0.01749119388734505,0.35845242192685384,0.00013990362194932378,0.00025879917184265007,0.03753971772859233,0.07531852231879942,92.87963310230782,56.037518813212245,358.5187707492494,"(255, 255, 0, 255)"
1#0.6,0,482.78767660659463,413.6300048478621,1.8,1.5,483.6876766065946,414.3800048478621,274.5363082336748,1420.6911387992106,0.02133812437693726,0.2451157934436181,0.00013990362194932378,0.00025879917184265007,0.037594254360842114,0.07149413472185336,92.87964498349098,56.03731966421828,357.2703853772196,"(255, 255, 0, 255)"
1#0.7,0,483.14493430329105,406.13668704951766,1.8,1.5,484.04493430329103,406.88668704951766,285.33361486379715,1279.043287323649,0.02217733676852146,0.22067689567350743,0.00013990362194932378,0.00025879917184265007,0.037622021941807166,0.07020129176147648,92.87965092675888,56.03725234332364,357.27038537722024,"(255, 255, 0, 255)"
1#0.8,0,483.5021869103915,398.64347600313323,1.8,1.5,484.4021869103915,399.39347600313323,294.2839840574241,1161.6250635368563,0.022872997361839276,0.2004184029566695,0.00013990362194932378,0.00025879917184265007,0.03764978912718728,0.06890846721931215,92.87965686992126,56.03718502338703,357.27038537721955,"(255, 255, 0, 255)"
1#0.9,0,483.85944096404074,391.1502346160474,1.8,1.5,484.7594409640407,391.9002346160474,301.8240982153394,1062.7077124847401,0.023459046962174677,0.18335191726789857,0.00013990362194932378,0.00025879917184265007,0.03767755642499928,0.06761563744238222,92.87966281308685,56.037117703176804,357.27038537722024,"(255, 255, 0, 255)"
2#0.0,0,484.21669585768666,383.6569756104125,1.8,1.5,485.11669585768664,384.4069756104125,308.26291410506684,978.2380879691045,0.02395949899775119,0.16877813802089447,0.00013990362194932378,0.00025879917184265007,0.037705323788099376,0.06632280462567502,92.87966875624556,56.03705038280725,357.27038537722024,"(255, 255, 0, 255)"
2#0.1,0,484.93120581128045,368.6704541110345,1.8,1.5,485.8312058112804,369.4204541110345,318.6787458885368,841.5947338437933,0.024769061548930264,0.14520268009727283,0.00013990362194932378,0.00025879917184265007,0.03776085852722527,0.06373713839044763,92.8796806425032,56.0369157420337,357.27038537722024,"(255, 255, 0, 255)"
2#0.10,0,490.441160881471,118.76120193677858,1.8,1.5,491.34116088147096,119.51120193677858,365.8103384494997,204.17756069404106,0.02843232849755166,0.035227322410980165,0.00013990362194932378,0.00025879917184265007,0.038189115566724,0.020619600058105345,92.87977605284269,56.03467042550618,177.27018779741934,"(255, 255, 0, 255)"
2#0.11,0,488.805947316215,153.0565769999991,1.8,1.5,489.705947316215,153.8065769999991,363.2889433958504,235.26254079250992,0.028236354997345746,0.040590500481799505,0.00013990362194932378,0.00025879917184265007,0.03806201984425734,0.02653667650103504,92.87974885249605,56.03497853954921,177.27018779741934,"(255, 255, 0, 255)"
2#0.12,0,486.76285518684216,195.7730387472217,1.8,1.5,487.66285518684214,196.5230387472217,359.3014671321772,284.39909364214355,0.027926431457498613,0.0490681666049247,0.00013990362194932378,0.00025879917184265007,0.037903222072659885,0.033906666450521344,92.87971487055911,56.03536230958402,177.2745387640427,"(255, 255, 0, 255)"
2#0.13,0,487.7252572610427,175.66832376415056,1.8,1.5,488.6252572610427,176.41832376415056,361.31697466082716,259.56529583400913,0.028083085237123204,0.04478352240062269,0.00013990362194932378,0.00025879917184265007,0.03797802403707778,0.030437944058687123,92.87973087742033,56.035181686327036,177.2455061360042,"(255, 255, 0, 255)"
2#0.14,0,487.2733753368022,185.06060375912486,1.8,1.5,488.17337533680217,185.81060375912486,360.40874530370064,270.74798339961245,0.028012493805666144,0.04671290258792485,0.00013990362194932378,0.00025879917184265007,0.03794290186046962,0.032058420248296214,92.87972336297969,56.035266067702594,177.2680894675412,"(255, 255, 0, 255)"
2#0.15,0,489.580761053495,69.55049260936981,1.8,1.5,490.480761053495,70.30049260936981,368.0999995614968,167.86280674207137,0.028610290654554393,0.028961836912020596,0.00013990362194932378,0.00025879917184265007,0.03812224164880265,0.012129139511623501,92.8797636194556,56.03422826001528,177.2756895221281,"(255, 255, 0, 255)"
2#0.16,0,489.0147785880711,81.4448654252084,1.8,1.5,489.9147785880711,82.1948654252084,367.4465829364241,175.67996912267793,0.028559504347615738,0.030310553678860926,0.00013990362194932378,0.00025879917184265007,0.038078251094984535,0.014181308734508005,92.87975420428647,56.03433512061157,177.2756895221281,"(255, 255, 0, 255)"
2#0.17,0,482.9022792602885,276.87196547359673,1.8,1.5,483.80227926028846,277.62196547359673,347.1678508610136,434.01060715582406,0.026983355422121377,0.07488105713523534,0.00013990362194932378,0.00025879917184265007,0.037603161764362535,0.04789888983326376,92.87965064657553,56.036090912678695,177.27083076249806,"(255, 255, 0, 255)"
2#0.18,0,481.43539271664076,240.3456498839309,1.8,1.5,482.33539271664074,241.0956498839309,352.48495894153797,354.59654432007846,0.027396623576988802,0.061179528005534584,0.00013990362194932378,0.00025879917184265007,0.03748914913078196,0.04159690301655122,92.87962812618896,56.03576270544269,177.26561636548834,"(255, 255, 0, 255)"
2#0.19,0,479.89230737837954,340.01782592335746,1.8,1.5,480.7923073783795,340.76782592335746,328.116569817829,668.8899086397375,0.02550260918839025,0.11540543627324663,0.00013990362194932378,0.00025879917184265007,0.0373692140042266,0.058793620759723504,92.8796005737884,56.03665822299079,177.27130842692296,"(255, 255, 0, 255)"
2#0.2,0,487.0589419157582,324.0228572562081,1.8,1.5,487.9589419157582,324.7728572562081,338.3029269004115,584.1426193344163,0.02629433599412494,0.10078375074782889,0.00013990362194932378,0.00025879917184265007,0.03792623518698571,0.05603396432991858,92.87971603858362,56.03651462243027,357.27083076249835,"(255, 255, 0, 255)"
2#0.20,0,474.4327463902228,387.2749775316174,1.8,1.5,475.3327463902228,388.0249775316174,292.9243191917067,1066.9069580114297,0.022767318451088658,0.18407642477767935,0.00013990362194932378,0.00025879917184265007,0.03694487380617307,0.06694702855963033,92.87951163008209,56.03708273686062,177.27038537722024,"(255, 255, 0, 255)"
2#0.21,0,473.3928992033252,409.08529961898165,1.8,1.5,474.2928992033252,409.83529961898165,262.9835403299985,1424.975894429025,0.02044019433623492,0.24585505424931417,0.00013990362194932378,0.00025879917184265007,0.03686405247966152,0.07071002408885121,92.87949433070467,56.037278683476735,177.27038537722024,"(255, 255, 0, 255)"
2#0.3,0,488.13040917178074,301.54564548008807,1.8,1.5,489.0304091717807,302.29564548008807,344.5924590297875,501.63114116586326,0.026783185063717352,0.08654781593613926,0.00013990362194932378,0.00025879917184265007,0.038009514159162185,0.052155908467924096,92.87973386259176,56.03631268433442,357.27083076249835,"(255, 255, 0, 255)"
2#0.4,0,489.20187604965616,279.068441636729,1.8,1.5,490.10187604965614,279.818441636729,349.5173602290961,437.02206223436536,0.027165969239009487,0.07540063185548056,0.00013990362194932378,0.00025879917184265007,0.038092793101947464,0.048277853974590924,92.87975168640598,56.03611074630052,357.2725109447169,"(255, 255, 0, 255)"
2#0.5,0,490.62932056617814,249.09857232842032,1.8,1.5,491.5293205661781,249.84857232842032,354.63136515664394,369.9267193383755,0.027563451356804283,0.06382448573816002,0.00013990362194932378,0.00025879917184265007,0.038203740134165866,0.04310706906977576,92.87977543230194,56.03584149318209,357.2656163654882,"(255, 255, 0, 255)"
2#0.6,0,491.70379843270683,226.60125307727932,1.8,1.5,492.6037984327068,227.35125307727932,357.69554169126525,329.73725663210706,0.02780161213207409,0.056890485961371126,0.00013990362194932378,0.00025879917184265007,0.03828725310373906,0.03922554400919243,92.8797933045625,56.035639374439185,357.2656163654888,"(255, 255, 0, 255)"
2#0.7,0,492.81195748143364,203.39872031521148,1.8,1.5,493.7119574814336,204.14872031521148,360.34517013632757,294.98496923119177,0.028007552474454186,0.05089457716204136,0.00013990362194932378,0.00025879917184265007,0.03837338391741284,0.035222346500209015,92.87981173685971,56.0354309199597,357.2656163654882,"(255, 255, 0, 255)"
2#0.8,0,491.5691875278609,95.10307082704102,1.8,1.5,492.46918752786087,95.85307082704102,367.2891125687078,185.9465167332058,0.028547265083841738,0.03208186969171943,0.00013990362194932378,0.00025879917184265007,0.038276790574215826,0.0165377968990754,92.87979481632418,56.03445787781289,177.27018779741869,"(255, 255, 0, 255)"
2#0.9,0,490.94291397990315,108.23792163536427,1.8,1.5,491.84291397990313,108.98792163536427,366.49122469060404,195.78326515379348,0.028485249859366082,0.03377903125496782,0.00013990362194932378,0.00025879917184265007,0.03822811394216564,0.018803989240055947,92.8797843989788,56.034575883003505,177.2701877974194,"(255, 255, 0, 255)"
3#0.10,0,532.3473837360931,524.1590701167205,1.8,1.5,533.2473837360931,524.9090701167205,5403.031392259875,-125502.60933592041,0.41994647849058564,-21.653314240151897,0.00013990362194932378,0.00025879917184265007,0.041446244655377974,0.09056402175926853,92.8804373140912,56.03831352668581,267.2053077138372,"(255, 255, 0, 255)"
3#0.11,0,557.9744868094797,528.5567567712316,1.8,1.5,558.8744868094797,529.3067567712316,107.02390091807786,10904.299563487735,0.008318350763102585,1.8813491310365313,0.00013990362194932378,0.00025879917184265007,0.04343809162206433,0.0913227668687425,92.88084850115575,56.03835343716295,267.4340442613968,"(255, 255, 0, 255)"
3#0.12,0,565.4678588894653,528.892567299784,1.8,1.5,566.3678588894653,529.642567299784,214.70784440141574,7921.547026974342,0.01668800282927217,1.3667265401957112,0.00013990362194932378,0.00025879917184265007,0.04402050823017763,0.09138070519319945,92.8809687588033,56.03835657044587,267.4340442613955,"(255, 255, 0, 255)"
3#0.13,0,579.734383529497,529.5319121940236,1.8,1.5,580.634383529497,530.2819121940236,310.41118218771044,5270.646954958966,0.024126471489795617,0.9093593780122438,0.00013990362194932378,0.00025879917184265007,0.04512936293560524,0.09149101314596679,92.88119771568422,56.03836253553475,267.4340442613955,"(255, 255, 0, 255)"
3#0.3,0,506.3571069858572,519.6790790704184,1.8,1.5,507.25710698585715,520.4290790704184,857.3760937536131,-8416.991963872722,0.06663890049382971,-1.4522070331043344,0.00013990362194932378,0.00025879917184265007,0.039426170292698355,0.08979107644417156,92.880020301328,56.03827286967726,85.91438322002433,"(255, 255, 0, 255)"
3#0.4,0,498.7840383631093,519.0920541037643,1.8,1.5,499.68403836310927,519.8420541037643,769.2467557285026,-6288.706667135949,0.05978911516621348,-1.0850080516107572,0.00013990362194932378,0.00025879917184265007,0.03883755933181325,0.0896897953940242,92.87989877191998,56.03826747709644,84.59378782770538,"(255, 255, 0, 255)"
3#0.5,0,506.1069157145611,522.8722234281056,1.8,1.5,507.0069157145611,523.6222234281056,770.2361674930737,-6857.503046218873,0.05986601643813723,-1.1831440728465965,0.00013990362194932378,0.00025879917184265007,0.03940672436767924,0.09034199852106721,92.88001619680921,56.038301555755844,267.1375765610499,"(255, 255, 0, 255)"
3#0.6,0,523.4909446987515,523.7267403778152,1.8,1.5,524.3909446987515,524.4767403778152,1237.6670072325494,-18829.23361310173,0.09619672059945199,-3.248660043668345,0.00013990362194932378,0.00025879917184265007,0.040757884711546045,0.09048943070700745,92.8802951824128,56.03830950445243,267.20530771383847,"(255, 255, 0, 255)"
3#0.7,0,551.5574582566803,525.0726626726408,1.8,1.5,552.4574582566803,525.8226626726408,45.91379615155662,11684.62165326462,0.003568614655025386,2.0159802714397204,0.00013990362194932378,0.00025879917184265007,0.04293933299057052,0.09072164642385108,92.88074560582741,56.03832203354385,267.4486874355976,"(255, 255, 0, 255)"
3#0.8,0,567.6504787086972,525.7897396402851,1.8,1.5,568.5504787086971,526.5397396402851,257.6525517204581,6255.58387212055,0.020025847327876427,1.0792932836646911,0.00013990362194932378,0.00025879917184265007,0.04419015068464924,0.0908453657074336,92.88100387514704,56.03832872573174,267.4486874355976,"(255, 255, 0, 255)"
3#0.9,0,515.7625287682956,523.3494754265996,1.8,1.5,516.6625287682956,524.0994754265996,919.3860827425882,-10678.181867048917,0.07145857941416044,-1.842336415984975,0.00013990362194932378,0.00025879917184265007,0.0401571995001007,0.09042434013571421,92.88017115372503,56.03830599438737,267.2053077138372,"(255, 255, 0, 255)"
4#0.0,0,575.1438228251067,526.1236300055233,1.8,1.5,576.0438228251066,526.8736300055233,299.70123951594843,5177.444378592852,0.02329404939499055,0.8932788782941429,0.00013990362194932378,0.00025879917184265007,0.04477256511931499,0.09090297274077352,92.8811241323348,56.03833184161039,267.4486874355963,"(255, 255, 0, 255)"
4#0.1,0,600.0400359169054,527.2345642876173,1.8,1.5,600.9400359169053,527.9845642876173,370.868770777502,3352.8036967015646,0.028825491277592256,0.5784685467048938,0.00013990362194932378,0.00025879917184265007,0.046707604221739876,0.0910946453222252,92.88152368015298,56.03834220749707,267.44843420859377,"(255, 255, 0, 255)"
4#0.10,0,730.5558077588144,529.8612473154676,1.8,1.5,731.4558077588143,530.6112473154676,447.4332055594364,1315.4529449434685,0.03477640335453415,0.2269587551662299,0.00013990362194932378,0.00025879917184265007,0.05685184266740356,0.09154783425042573,92.88361835744433,56.03836780131843,87.44314115003522,"(255, 255, 0, 255)"
4#0.11,0,706.9853280772214,528.8087016008569,1.8,1.5,707.8853280772214,529.5587016008569,441.99878377198917,1444.9141920192917,0.0343540170816096,0.24929506418552305,0.00013990362194932378,0.00025879917184265007,0.055019845179327016,0.09136623561091388,92.88324008493375,56.038357986962325,87.44314115003515,"(255, 255, 0, 255)"
4#0.12,0,694.600721852004,528.2556638864962,1.8,1.5,695.500721852004,529.0056638864962,438.52308536166663,1527.7138473016942,0.03408387108360537,0.2635807189961515,0.00013990362194932378,0.00025879917184265007,0.05405726114192476,0.091270818475931,92.8830413297822,56.03835282975337,87.44314115003522,"(255, 255, 0, 255)"
4#0.13,0,636.2960373685231,525.6538197263868,1.8,1.5,637.1960373685231,526.4038197263868,411.3713333142278,2174.6076441904806,0.03197352194265722,0.37519110493279517,0.00013990362194932378,0.00025879917184265007,0.04952557417756281,0.09082191506666439,92.88210562396377,56.03832856203222,87.44801042799116,"(255, 255, 0, 255)"
4#0.14,0,626.3721090709973,525.2115092684229,1.8,1.5,627.2721090709973,525.9615092684229,403.50854672664906,2361.9641250745567,0.031362392874758976,0.40751623966089656,0.00013990362194932378,0.00025879917184265007,0.04875424444823545,0.09074560201318545,92.88194635937764,56.03832443565518,87.44801042799246,"(255, 255, 0, 255)"
4#0.15,0,615.5479852641453,524.7290770082806,1.8,1.5,616.4479852641452,525.4790770082806,392.8740852540984,2615.3647808601254,0.030535837498375438,0.4512361595686897,0.00013990362194932378,0.00025879917184265007,0.04791294771212072,0.09066236663358879,92.8817726480046,56.038319934741764,87.4480104279912,"(255, 255, 0, 255)"
4#0.16,0,604.3438994188367,524.229709802802,1.8,1.5,605.2438994188367,524.979709802802,378.6434490408999,2954.4560040479055,0.029429772193447837,0.5097405113954288,0.00013990362194932378,0.00025879917184265007,0.04704211871745972,0.09057620942077327,92.8815928388389,56.038315275574064,87.44801042799116,"(255, 255, 0, 255)"
4#0.17,0,560.2624358156554,522.2566324290168,1.8,1.5,561.1624358156554,523.0066324290168,223.37115941786308,6653.142931562671,0.017361352356432696,1.1478852538928004,0.00013990362194932378,0.00025879917184265007,0.043615920706952846,0.09023578889389523,92.88088539657566,56.03829686682309,87.43470031042564,"(255, 255, 0, 255)"
4#0.18,0,527.409423577545,520.7105029788007,1.8,1.5,528.309423577545,521.4605029788007,5799.056078983297,-125949.65716835477,0.45072719407611506,-21.73044464602394,0.00013990362194932378,0.00025879917184265007,0.04106244548247668,0.08996903087971027,92.88035815688622,56.03828246494725,87.20451095203673,"(255, 255, 0, 255)"
4#0.2,0,607.5338533509882,527.5685089288436,1.8,1.5,608.4338533509882,528.3185089288436,382.85298857677645,3045.515704722054,0.02975695543111895,0.5254512948105683,0.00013990362194932378,0.00025879917184265007,0.047290055444659425,0.09115226171995229,92.88164394502037,56.038345323364105,267.448434208595,"(255, 255, 0, 255)"
4#0.3,0,615.0276635263767,527.9024532466028,1.8,1.5,615.9276635263767,528.6524532466028,392.6199611863002,2795.080219388901,0.03051608589975907,0.48224296400774685,0.00013990362194932378,0.00025879917184265007,0.04787250610340251,0.09120987806187074,92.88176420979083,56.038348439110926,267.448434208595,"(255, 255, 0, 255)"
4#0.4,0,652.4963800856627,529.5721599373059,1.8,1.5,653.3963800856627,530.3221599373059,422.9215527016293,2018.1154339948293,0.0328712539018832,0.34819106866715477,0.00013990362194932378,0.00025879917184265007,0.05078473341253402,0.09149795720105346,92.88236552857083,56.038364015948,267.44843420859377,"(255, 255, 0, 255)"
4#0.5,0,659.9901050966603,529.9064753202563,1.8,1.5,660.8901050966602,530.6564753202563,426.81895246486886,1918.1959283638841,0.03317417631469523,0.3309516784616777,0.00013990362194932378,0.00025879917184265007,0.05136717745194001,0.09155563756388134,92.8824857920815,56.038367134324275,267.4219747947366,"(255, 255, 0, 255)"
4#0.6,0,674.9773276643065,530.5812812746456,1.8,1.5,675.8773276643064,531.3312812746456,433.373697340505,1750.3543206099484,0.03368363884194816,0.30199349907003936,0.00013990362194932378,0.00025879917184265007,0.05253204785203687,0.09167206371198162,92.88272631534268,56.038373426205,267.4219747947367,"(255, 255, 0, 255)"
4#0.7,0,697.4650434202957,531.589878139562,1.8,1.5,698.3650434202957,532.339878139562,440.9530590688093,1556.1638985439677,0.03427273892964475,0.2684892854630724,0.00013990362194932378,0.00025879917184265007,0.0542798883429423,0.09184607973422393,92.8830872109336,56.03838283079782,267.44284571267985,"(255, 255, 0, 255)"
4#0.8,0,757.983450352589,534.2926555404489,1.8,1.5,758.883450352589,535.0426555404489,453.7871689353745,1227.100662506026,0.03527026029343809,0.2117150901494179,0.00013990362194932378,0.00025879917184265007,0.05898363518984836,0.09231239743624033,92.88405844577227,56.0384080313363,267.4428457126811,"(255, 255, 0, 255)"
4#0.9,0,764.0271612022783,531.3559190448958,1.8,1.5,764.9271612022783,532.1059190448958,453.2766826432333,1176.2469980891508,0.035230583137201406,0.20294116599191697,0.00013990362194932378,0.00025879917184265007,0.05945337798867389,0.0918057141209275,92.88415552516054,56.03838173624151,87.4431411500339,"(255, 255, 0, 255)"
5#0.0,0,587.9511148794624,526.6943006373947,1.8,1.5,588.8511148794623,527.4443006373947,344.5181279491029,4028.3274874352232,0.02677740773737781,0.6950185451061461,0.00013990362194932378,0.00025879917184265007,0.045768002089185626,0.09100143213205567,92.88132967064189,56.03833716686091,267.44226628810463,"(255, 255, 0, 255)"
5#0.1,0,622.5213985653352,528.2363942160808,1.8,1.5,623.4213985653352,528.9863942160808,400.7328501090453,2587.057185430496,0.031146653980183837,0.4463521713993263,0.00013990362194932378,0.00025879917184265007,0.04845495092222409,0.0912674938261009,92.88188447337497,56.03835155470931,267.44843420859513,"(255, 255, 0, 255)"
5#0.10,0,580.5904187097686,523.1673843507962,1.8,1.5,581.4904187097686,523.9173843507962,327.9945548715309,4161.020441089604,0.025493125670101886,0.717912429449552,0.00013990362194932378,0.00025879917184265007,0.045195897614625266,0.09039292345596897,92.88121163051315,56.03830536431212,87.43470031042429,"(255, 255, 0, 255)"
5#0.11,0,513.9736061874,516.8549280764653,1.8,1.5,514.8736061874,517.6049280764653,1367.6138492081743,-19136.42452061755,0.10629673940682219,-3.3016605453101366,0.00013990362194932378,0.00025879917184265007,0.04001815686207057,0.08930381781857578,92.88014262281122,56.03824761384691,87.22162526027077,"(255, 255, 0, 255)"
5#0.12,0,494.8965823058107,515.5068746752561,1.8,1.5,495.79658230581066,516.2568746752561,801.4978729521044,-6523.551502835801,0.06229580856148799,-1.1255264842711872,0.00013990362194932378,0.00025879917184265007,0.03853540978593274,0.08907123441602072,92.8798364793588,56.038235203988435,84.60399656678037,"(255, 255, 0, 255)"
5#0.2,0,645.0026377022351,529.2382186405385,1.8,1.5,645.9026377022351,529.9882186405385,418.4980358023964,2131.5390756725637,0.03252743943746279,0.36776036502287157,0.00013990362194932378,0.00025879917184265007,0.05020228802286919,0.09144034138035516,92.88224526479065,56.03836090081538,267.44843420859377,"(255, 255, 0, 255)"
5#0.3,0,667.4836924872992,530.2438772216503,1.8,1.5,668.3836924872992,530.9938772216503,430.2802058113157,1829.5666472044225,0.033443199581168634,0.315660222084959,0.00013990362194932378,0.00025879917184265007,0.05194961079490899,0.09161385045232062,92.88260605331875,56.0383702803132,267.4219747947367,"(255, 255, 0, 255)"
5#0.4,0,689.9649494654146,531.2549208022273,1.8,1.5,690.8649494654146,532.0049208022273,438.6687900818571,1614.7319607347044,0.034095195871433004,0.27859419612400005,0.00013990362194932378,0.00025879917184265007,0.05369694928224891,0.0917882886132207,92.88296684512208,56.03837970714282,267.44284571268116,"(255, 255, 0, 255)"
5#0.5,0,704.9995653237828,531.9263730435011,1.8,1.5,705.8995653237828,532.6763730435011,443.0460356831108,1502.5005229913015,0.03443541393464253,0.259230594028865,0.00013990362194932378,0.00025879917184265007,0.05486550328958361,0.09190413613586976,92.88320812928434,56.03838596867322,267.4428457126811,"(255, 255, 0, 255)"
5#0.6,0,741.8837890130889,530.3671011752721,1.8,1.5,742.7837890130888,531.1171011752721,449.61665558910437,1263.4378134677509,0.03494611033647632,0.21798443986676172,0.00013990362194932378,0.00025879917184265007,0.05773230133787415,0.09163511062375294,92.88380015542175,56.03837251768909,87.44314115003522,"(255, 255, 0, 255)"
5#0.7,0,717.8298835825059,529.2929679619212,1.8,1.5,718.7298835825059,530.0429679619212,444.6676958372093,1381.3341649597087,0.03456145622860324,0.23832542528635414,0.00013990362194932378,0.00025879917184265007,0.05586272995356022,0.09144978743304369,92.8834141245259,56.038362502599064,87.4431411500339,"(255, 255, 0, 255)"
5#0.8,0,661.1622115977019,526.7622774242982,1.8,1.5,662.0622115977019,527.5122774242982,425.88264346895403,1828.8341121806293,0.03310140241481066,0.3155338357799567,0.00013990362194932378,0.00025879917184265007,0.05145827853238784,0.0910131603561591,92.8825046899663,56.038338902030226,87.44606579832534,"(255, 255, 0, 255)"
5#0.9,0,591.5457330161884,523.6580839048775,1.8,1.5,592.4457330161883,524.4080839048775,356.1403667361616,3490.579869890146,0.027680737349305266,0.60223945305213,0.00013990362194932378,0.00025879917184265007,0.046047391031881574,0.09047758521478216,92.88138744710214,56.03830994231975,87.43618762675307,"(255, 255, 0, 255)"
6#0.10,0,492.3341890509634,79.05867472112368,1.8,1.5,493.2341890509634,79.80867472112368,368.1931560723005,174.8010303181926,0.0286175311730375,0.030158907922393476,0.00013990362194932378,0.00025879917184265007,0.03833624973192627,0.013769612615790834,92.87980754116408,56.03431373288844,177.27018779741934,"(255, 255, 0, 255)"
6#0.11,0,491.9749718663618,86.59254573150659,1.8,1.5,492.87497186636176,87.34254573150659,367.7777877612163,179.92189214621186,0.02858524698905769,0.03104242445586816,0.00013990362194932378,0.00025879917184265007,0.03830832985126393,0.015069452334628464,92.87980156604911,56.034381418158105,177.27018779741934,"(255, 255, 0, 255)"
6#0.12,0,489.94732966171773,129.11833647823204,1.8,1.5,490.8473296617177,129.86833647823204,365.1005439840512,212.92825083303148,0.028377160266131757,0.03673710331832841,0.00013990362194932378,0.00025879917184265007,0.03815073291323781,0.022406545286099384,92.87976783843855,56.03476347533201,177.27018779741934,"(255, 255, 0, 255)"
6#0.13,0,489.40927417236543,140.40298773372282,1.8,1.5,490.3092741723654,141.15298773372282,364.2781819067365,223.0667290417777,0.028313242803259482,0.03848632316110726,0.00013990362194932378,0.00025879917184265007,0.03810891296225442,0.024353517552402143,92.87975888836117,56.03486485808477,177.27018779741934,"(255, 255, 0, 255)"
6#0.14,0,488.1982278547156,165.80229248828638,1.8,1.5,489.09822785471556,166.55229248828638,362.2124485896716,248.53409043632337,0.028152685262682386,0.04288027785305786,0.00013990362194932378,0.00025879917184265007,0.03801478531437242,0.028735730242975564,92.87973874350328,56.03509304868445,177.26501579646836,"(255, 255, 0, 255)"
6#0.15,0,485.76761766562396,216.67955284048392,1.8,1.5,486.66761766562394,217.42955284048392,356.8832613193283,314.2163008515998,0.02773847826203391,0.05421261229323667,0.00013990362194932378,0.00025879917184265007,0.037825867998260834,0.03751372547282331,92.87969831417571,56.0355501363827,177.27453876404272,"(255, 255, 0, 255)"
6#0.16,0,485.1202867975153,230.27774586334343,1.8,1.5,486.02028679751527,231.02774586334343,355.0947570863959,336.26909760900713,0.02759946813977894,0.058017442651657536,0.00013990362194932378,0.00025879917184265007,0.03777555470212305,0.039859859534738334,92.87968754534477,56.03567230428509,177.27453876404337,"(255, 255, 0, 255)"
6#0.17,0,484.02212311523454,253.34658820614476,1.8,1.5,484.9221231152345,254.09658820614476,351.5739882973726,379.68128288385526,0.027325819081095333,0.06550746771633113,0.00013990362194932378,0.00025879917184265007,0.03769020077065401,0.0438399910638621,92.87966927641172,56.03587955770258,177.27471741561214,"(255, 255, 0, 255)"
6#0.18,0,488.25637062914774,97.38314542682951,1.8,1.5,489.1563706291477,98.13314542682951,366.5072929271179,186.9171832422467,0.028486498750747543,0.032249341484169546,0.00013990362194932378,0.00025879917184265007,0.03801930441700199,0.016931184511185214,92.87974158801975,56.0344783121932,177.27568952212815,"(255, 255, 0, 255)"
6#0.19,0,481.884821612539,298.21616511493073,1.8,1.5,482.78482161253896,298.96616511493073,342.1932961944429,495.34061271226403,0.026596711969100177,0.0854624935666432,0.00013990362194932378,0.00025879917184265007,0.037524080647640214,0.051581463960478045,92.87963372071532,56.03628267164672,177.27083076249872,"(255, 255, 0, 255)"
6#0.20,0,480.9278315741435,318.29187684550004,1.8,1.5,481.8278315741435,319.04187684550004,336.33021394428175,567.6250464117597,0.026141008389886658,0.09793392795233949,0.00013990362194932378,0.00025879917184265007,0.0374496993295619,0.055045182340493444,92.87961780060625,56.0364630343525,177.27083076249806,"(255, 255, 0, 255)"
6#0.21,0,478.64677823629194,366.15612048388505,1.8,1.5,479.5467782362919,366.90612048388505,314.1504845382288,841.0784949803212,0.024417105902240693,0.14511361197037978,0.00013990362194932378,0.00025879917184265007,0.037272406205214666,0.06330333341681936,92.87957985295252,56.03689305268477,177.27038537721964,"(255, 255, 0, 255)"
6#0.22,0,477.686552034656,386.2964285967428,1.8,1.5,478.586552034656,387.0464285967428,298.18227877205356,1037.945810405869,0.02317598933406292,0.1790796774337248,0.00013990362194932378,0.00025879917184265007,0.037197773358826056,0.0667781967903283,92.87956387859155,56.037073995704866,177.27038537722024,"(255, 255, 0, 255)"
6#0.23,0,477.09168292264684,398.7735378260845,1.8,1.5,477.9916829226468,399.5235378260845,284.41059479533254,1207.7328543033811,0.02210559574034918,0.20837350833391668,0.00013990362194932378,0.00025879917184265007,0.03715153761251724,0.06893090714735757,92.87955398224997,56.03718609159426,177.27038537721964,"(255, 255, 0, 255)"
6#0.24,0,476.48198856726555,411.56159979640864,1.8,1.5,477.3819885672655,412.31159979640864,265.22940368472604,1444.2121216615465,0.020614752346084723,0.24917393403408322,0.00013990362194932378,0.00025879917184265007,0.03710414958551729,0.07113726704561915,92.87954383921316,56.037300981118484,177.52431129777042,"(255, 255, 0, 255)"
6#0.25,0,475.95549975190295,425.21421495170574,1.8,1.5,476.8554997519029,425.96421495170574,235.57191392788997,1812.1160096371464,0.018309646660025644,0.3126494150512675,0.00013990362194932378,0.00025879917184265007,0.037063228645414496,0.07349279070940402,92.87953500731673,56.03742363984121,178.51877074924943,"(255, 255, 0, 255)"
6#0.26,0,475.4750377105489,443.79494044383154,1.8,1.5,476.3750377105489,444.54494044383154,162.81770463542315,2721.0483241201605,0.012654881442206058,0.469470035217419,0.00013990362194932378,0.00025879917184265007,0.03702588510108416,0.07669857495580254,92.87952677613247,56.03759057771094,178.51877074924943,"(255, 255, 0, 255)"
6#0.27,0,471.53602936824484,472.2843285387692,1.8,1.5,472.4360293682448,473.0343285387692,-685.0693028494937,12904.12712341115,-0.0532464870860791,2.2263849419273893,0.00013990362194932378,0.00025879917184265007,0.036719728693319194,0.08161392831931835,92.87946275935738,56.03784648940475,178.51877074925008,"(255, 255, 0, 255)"
6#0.28,0,471.2418356670257,483.66156947222646,1.8,1.5,472.1418356670257,484.41156947222646,3432.1810780029696,-36962.26656280918,0.26676364666586116,-6.3772026505881945,0.00013990362194932378,0.00025879917184265007,0.03669686271312185,0.0835768753402737,92.87945771904779,56.03794870781324,178.51877074924943,"(255, 255, 0, 255)"
6#0.4,0,480.50188620991963,394.3779722506655,1.8,1.5,481.4018862099196,395.1279722506655,294.32460338271625,1122.4088133529417,0.022876154467800114,0.19365231424308862,0.00013990362194932378,0.00025879917184265007,0.03741659305222444,0.06817252799355857,92.87960883653399,56.03714665141856,357.2604745996665,"(255, 255, 0, 255)"
6#0.5,0,489.2924169347264,210.00663835805892,1.8,1.5,490.1924169347264,210.75663835805892,358.67382176887094,304.2447605203471,0.0278776482021507,0.052492194706754154,0.00013990362194932378,0.00025879917184265007,0.03809983032292293,0.036362428978271036,92.87975506871051,56.035490236233315,357.27453876404337,"(255, 255, 0, 255)"
6#0.6,0,492.0680772778619,151.911870430048,1.8,1.5,492.9680772778619,152.661870430048,364.1519311431674,234.6121486896082,0.0283034300593166,0.040478286523396856,0.00013990362194932378,0.00025879917184265007,0.03831556639809279,0.02633917709283092,92.87980123634011,56.03496830551352,357.2704381817276,"(255, 255, 0, 255)"
6#0.7,0,494.1588973185026,108.05702079148362,1.8,1.5,495.0588973185026,108.80702079148362,367.16517350924846,196.29800965729498,0.028537632015330983,0.03386784155577898,0.00013990362194932378,0.00025879917184265007,0.03847807378505383,0.018772777914334647,92.8798360147935,56.03457430790373,357.2704381817276,"(255, 255, 0, 255)"
6#0.8,0,496.07425510302596,67.88248352304228,1.8,1.5,496.97425510302594,68.63248352304228,369.3682708590323,168.28506947315654,0.028708866070187494,0.029034691075423832,0.00013990362194932378,0.00025879917184265007,0.03862694350248919,0.011841353264845113,92.87986787400165,56.03421337466255,357.2704381817276,"(255, 255, 0, 255)"
6#0.9,0,493.1573974992626,61.793503315081,1.8,1.5,494.05739749926255,62.543503315081,369.0888609384132,163.75834666696855,0.028687149148019054,0.028253682999822036,0.00013990362194932378,0.00025879917184265007,0.03840023297833534,0.010790804574720668,92.87982123409633,56.03415862035591,177.27018779741869,"(255, 255, 0, 255)"
7#0.0,0,483.93587801710277,488.0990752670611,1.8,1.5,484.83587801710274,488.8490752670611,-5719.85217789076,83902.29462825682,-0.444571131500914,14.475896243660594,0.00013990362194932378,0.00025879917184265007,0.037683497436429556,0.08434249055677381,92.8796613293604,56.03798877707393,358.51899859928204,"(255, 255, 0, 255)"
7#0.1,0,484.1297824134867,480.59913022121196,1.8,1.5,485.02978241348666,481.34913022121196,-540.0499644796799,12670.898756630751,-0.041974970035728275,2.186145403145402,0.00013990362194932378,0.00025879917184265007,0.03769856850718845,0.08304850417895306,92.87966465113534,56.037921394084265,358.51899859928204,"(255, 255, 0, 255)"
7#0.2,0,484.3236855036536,473.0992356979696,1.8,1.5,485.2236855036536,473.8492356979696,-113.91674013768886,6810.817010928807,-0.008854091414401435,1.1750892013334724,0.00013990362194932378,0.00025879917184265007,0.03771363947642263,0.08175452651793816,92.87966797287618,56.03785401154766,358.51899859928204,"(255, 255, 0, 255)"
7#0.3,0,484.5175880768889,465.5993611689052,1.8,1.5,485.4175880768889,466.3493611689052,44.14842173496629,4637.142871458286,0.0034314022800377964,0.8000591565663019,0.00013990362194932378,0.00025879917184265007,0.03772871040547869,0.0804605523065744,92.87967129459639,56.037786629189874,358.51899859928204,"(255, 255, 0, 255)"
7#0.4,0,484.7114918258583,458.0994411641238,1.8,1.5,485.61149182585825,458.8494411641238,126.57204144637552,3503.6730510016955,0.009837715019926592,0.6044984560044333,0.00013990362194932378,0.00025879917184265007,0.037743781425917784,0.07916657024915869,92.87967461632503,56.03771924642269,358.51899859928204,"(255, 255, 0, 255)"
7#0.5,0,484.90539415966396,450.59957589585554,1.8,1.5,485.80539415966393,451.34957589585554,177.16715529816165,2807.901198050342,0.013770181509261747,0.48445500311427564,0.00013990362194932378,0.00025879917184265007,0.03775885233636436,0.07787259763558584,92.87967793801768,56.037651864146426,358.51899859928267,"(255, 255, 0, 255)"
7#0.6,0,485.09929773285825,443.0996626898039,1.8,1.5,485.9992977328582,443.8496626898039,211.38680543892707,2337.320788733862,0.016429877618446064,0.40326445630328883,0.00013990362194932378,0.00025879917184265007,0.037773923343141474,0.07657861675117389,92.8796812597198,56.03758448143864,358.51899859928204,"(255, 255, 0, 255)"
7#0.7,0,485.2932005504575,435.5997787090878,1.8,1.5,486.1932005504575,436.3497787090878,236.073479027353,1997.8355831833635,0.01834863042339134,0.3446921296037549,0.00013990362194932378,0.00025879917184265007,0.037788994291190536,0.07528464090909037,92.87968458139726,56.037517098992595,358.51899859928204,"(255, 255, 0, 255)"
8#0.0,0,637.508868488302,528.9042761481319,1.8,1.5,638.408868488302,529.6542761481319,413.43388153762226,2261.38933550271,0.032133831924267234,0.3901637914946014,0.00013990362194932378,0.00025879917184265007,0.049619840547823875,0.09138272535336989,92.88212500059942,56.038357785554396,267.448434208595,"(255, 255, 0, 255)"
8#0.1,0,630.0151333420596,528.570335173873,1.8,1.5,630.9151333420596,529.320335173873,407.5791059553777,2411.5119602990994,0.031678773974458084,0.4160648654760351,0.00013990362194932378,0.00025879917184265007,0.04903739572066373,0.09132510958831487,92.88200473697447,56.03835467019037,267.448434208595,"(255, 255, 0, 255)"
8#0.10,0,543.7338836446991,521.5028957619132,1.8,1.5,544.633883644699,522.2528957619132,-75.04845067497273,13757.514505309313,-0.0058330833728410325,2.373622240391531,0.00013990362194932378,0.00025879917184265007,0.042331251643455546,0.090105744610406,92.88062013833195,56.038289838242356,87.25852030485926,"(255, 255, 0, 255)"
8#0.2,0,682.4710765117104,530.918690445698,1.8,1.5,683.3710765117104,531.668690445698,436.1551061459868,1679.133222826546,0.03389982171195296,0.28970552498732677,0.00013990362194932378,0.00025879917184265007,0.05311449374410931,0.09173027785467529,92.88284657921056,56.038376572027325,267.4250923380187,"(255, 255, 0, 255)"
8#0.3,0,720.9122967771549,532.6370422950343,1.8,1.5,721.8122967771549,533.3870422950343,446.91179816651237,1403.3833792417215,0.03473587736410014,0.2421296375503315,0.00013990362194932378,0.00025879917184265007,0.05610230815926899,0.09202674987837031,92.88346350603653,56.03839259540225,267.44284571267985,"(255, 255, 0, 255)"
8#0.4,0,774.5918253498694,532.9202688524803,1.8,1.5,775.4918253498694,533.6702688524803,455.25749453996434,1148.7813979468276,0.035384540225397505,0.19820244961125388,0.00013990362194932378,0.00025879917184265007,0.06027450842141064,0.09207561574404421,92.88432504374278,56.038395950785585,74.0307112900384,"(255, 255, 0, 255)"
8#0.5,0,751.8742910184658,530.8132295619074,1.8,1.5,752.7742910184658,531.5632295619074,451.3580411707829,1221.9537406700435,0.035081458197635855,0.21082707741029047,0.00013990362194932378,0.00025879917184265007,0.05850880545767649,0.09171208239508409,92.88396048879777,56.03837667698204,87.44314115003522,"(255, 255, 0, 255)"
8#0.6,0,569.3943534152162,522.6657685221871,1.8,1.5,570.2943534152162,523.4157685221871,283.42447998920056,5222.676732540319,0.022028950721996,0.9010829421222082,0.00013990362194932378,0.00025879917184265007,0.04432569201113137,0.09030637828195086,92.88103195027395,56.03830068424752,87.43470031042429,"(255, 255, 0, 255)"
8#0.7,0,682.4292166906241,527.7121109850932,1.8,1.5,683.3292166906241,528.4621109850932,434.56015085948434,1622.1197630417405,0.03377585503338134,0.2798688342031988,0.00013990362194932378,0.00025879917184265007,0.05311124022156257,0.09117703778210717,92.88284599464977,56.03834776069133,87.44273760879601,"(255, 255, 0, 255)"
8#0.8,0,671.2095463270234,527.211014596305,1.8,1.5,672.1095463270234,527.961014596305,430.30586256123894,1723.4648149146692,0.03344519373241403,0.2973541778665751,0.00013990362194932378,0.00025879917184265007,0.05223919993214856,0.091090582228486,92.88266593514241,56.03834308731324,87.44273760879601,"(255, 255, 0, 255)"
8#0.9,0,648.6691206444881,526.2052892620526,1.8,1.5,649.5691206444881,526.9552892620526,419.34641140548143,1984.5754527644258,0.03259337878171004,0.34240432242312385,0.00013990362194932378,0.00025879917184265007,0.0504872626025562,0.09091706163941556,92.88230419396595,56.038333706481936,87.44801042799251,"(255, 255, 0, 255)"
9#0.0,0,466.98247496942804,547.3705835333042,1.8,1.5,467.882474969428,548.1205835333042,522.9543894301896,-1686.8160152887472,0.04064622955310039,-0.29103105853843114,0.00013990362194932378,0.00025879917184265007,0.036365807163798225,0.09456876872555281,92.87938757271306,56.03852105813565,177.85223455875868,"(255, 255, 0, 255)"
9#0.1,0,466.70130262777985,554.8678836230239,1.8,1.5,467.60130262777983,555.6178836230239,509.6732743655826,-1528.7420107197972,0.03961396505250914,-0.26375811089023415,0.00013990362194932378,0.00025879917184265007,0.03634395325880458,0.09586229876173635,92.87938284983714,56.038588415977394,177.85223455875868,"(255, 255, 0, 255)"
9#0.2,0,466.4201318958021,562.3651407918001,1.8,1.5,467.3201318958021,563.1151407918001,498.7940300040373,-1399.255464255289,0.03876838411348028,-0.24141743689704778,0.00013990362194932378,0.00025879917184265007,0.03632209947892135,0.09715582139265011,92.87937812697169,56.038655773432595,177.85223455875868,"(255, 255, 0, 255)"
9#0.3,0,466.1389620358016,569.8623747097984,1.8,1.5,467.0389620358016,570.6123747097984,489.71910349397336,-1291.2442040834983,0.03806304239810146,-0.2227819537756208,0.00013990362194932378,0.00025879917184265007,0.03630024576681187,0.0984493400120425,92.87937340410423,56.03872313067797,177.85223455875874,"(255, 255, 0, 255)"
9#0.4,0,465.85778952829145,577.3596792221343,1.8,1.5,466.7577895282914,578.1096792221343,482.0339100193671,-1199.7737738893038,0.03746571661894661,-0.20700030605405517,0.00013990362194932378,0.00025879917184265007,0.036278391848926735,0.09974287081127231,92.87936868117569,56.038790488556664,177.85223455875868,"(255, 255, 0, 255)"
